obj,semestre,problema_texto,problema_captura,solucion_paso_1,respuesta_paso_1,solucion_paso_2,respuesta_paso_2,solucion_paso_3,respuesta_paso_3,solucion_paso_4,respuesta_paso_4
3.2,no,Calcule el siguiente límite: lim x→2 [x²  + x - 6]/[x² - 4],,"Sustituye x = 2 en la expresión: (2² + 2 - 6)/(2² - 4) = 0/0. Como se obtiene la indeterminación 0/0, se debe factorización","0/0, indeterminado, indeterminación",Factorizar numerador y denominador para simplificar el término que causa el cero (x - 2),"(x+3)/(x+2), (x+3) / (x+2), x+3/x+2",Calcular el límite evaluando x = 2 en la expresión simplificada,"5/4, 1.25, 1,25",,
1.1,2025-II-1,"Un emprendedor invierte inicialmente 1/3 de su capital en materias primas. De lo que le queda, destina el 60% a gastos de producción. El resto lo divide en partes iguales entre su cuenta de ahorros y un fondo de expansión. Si el monto en el fondo de expansión es de 900 unidades monetarias, ¿cuál era el capital inicial del emprendedor?",,"Al restar la inversión inicial le queda 2/3 del capital. Si gasta el 60%, le queda el 40% (2/5) de esa cantidad: 2/3 x 2/5 = 4/15. Expresa la fracción restante.","4/15, 0.2667, 0,2667",El resto (4/15) se divide entre 2 partes iguales: (4/15)/2 = 2/15. Escribe la fracción que corresponde al fondo de expansión.,"2/15, 0.1333, 0,1333",Iguala la fracción al monto dado: 2/15 C = 900 ⇒ C = 900 x 15/2. Calcula el capital total.,"6750, 6750.00, 6.750",,
1.1,2025-II-2,"Considera la siguiente secuencia de operaciones: Se toma un número entero positivo N. Si N es par, se divide por 2. Si N es impar, se multiplica por 3 y se suma 1. Este proceso se repite con el resultado. <p> 
a) Aplica esta secuencia comenzando con N=7 hasta que el resultado sea 1. Anota cada número obtenido en la secuencia. <p>
b) ¿Qué  bservas sobre los números que se obtienen después de varias iteraciones? 
 ¿Crees que siempre se llegará a 1, independientemente del número entero positivo inicial? 
<br/> Argumenta tu respuesta basándote en la exploración de números racionales o propiedades de los números, no solo por cálculo directo exhaustivo. Se propone instalar dos antenas principales, la Antena A en el punto PA=(−4,3) y la Antena B en el punto PB=(6,−2).<br/>
a) Calcula la distancia exacta entre la Antena A y la Antena B.<br/>
b) Utilizando un software de geometría o una herramienta de graficación asistida por IA, representa estas dos antenas en un plano cartesiano.<br/>
c) Describe cómo la IA te ayuda a visualizar la distancia y si ofrece alguna función para calcularla directamente, comparando su método con tu cálculo manual.<br/>
(No se espera una  emostración matemática formal de la Conjetura de Collatz, sino una exploración y razonamiento basado en los conceptos del objetivo). ",,"Aplica las reglas de la secuencia (N/2 si es par, 3N+1 si es impar) comenzando con N=7 hasta llegar a 1. Escribe la secuencia completa de números separados por comas o flechas","7, 22, 11, 34, 17, 52, 26, 13, 40, 20, 10, 5, 16, 8, 4, 2, 1, 7 22 11 34 17 52 26 13 40 20 10 5 16 8 4 2 1",¿A qué potencia de 2 se llega primero en la secuencia que garantiza la caída directa al 1 (16 → 8 → 4 → 2 → 1)?,"16, 2^4","Un número impar x se convierte en 3x+1 que es aproximadamente 3x (par), y en promedio recibe 2 divisiones entre 2 consecutivas. Multiplicar por 3 y dividir dos veces entre 2 equivale a multiplicar por 3 x (1/2)² = 3/4. ¿El valor promedio en cada iteración combinada aumenta o disminuye? Responde 'Aumenta' o 'Disminuye'.","Disminuye, disminuye, decrece, menor a 1",,
2.1,2025-II-1,"Se propone instalar dos antenas principales, la Antena A en PA=(-4,3) y la Antena B en PB=(6,-2). a) Calcula la distancia exacta entre ambas antenas. b) Utilizando un software de geometría o IA, representa las antenas en el plano cartesiano. c) Describe cómo la IA/software ayuda a visualizar y calcular directamente la distancia comparándola con tu cálculo manual.",,Aplica la fórmula de distancia d = √[(x₂ - x₁)² + (y₂ - y₁)²] sustituyendo los puntos: √[(6 - (-4))² + (-2 - 3)²] = √[10² + (-5)²] = √[100 + 25] = √125 = 5√5. Escribe el valor exacto simplificado o su aproximación.,"√125, 5√5, 11.18, 11,18","Representa los puntos PA(-4,3) y PB(6,-2) en el plano cartesiano uniendo ambos con un segmento de recta. ¿En qué cuadrantes se ubican las antenas A y B respectivamente?","II y IV, II y 4, Cuadrante 2 y Cuadrante 4, II y IV cuadrante","Compara el método manual con la IA/software (GeoGebra, Desmos, etc.). El software calcula la distancia mediante la herramienta 'Distancia o Longitud' o construyendo un triángulo rectángulo. ¿Qué teorema geométrico fundamenta directamente ambas herramientas de cálculo?","Teorema de Pitagoras, Pitagoras, Teorema de Pitágoras",,
2.1,2022-I-1,"Calcule la ecuación de la recta en la forma punto intersección que pasa por el punto P(1,2) y que determina con los ejes coordenados un triángulo de área 4,5 unidades cuadradas. Represente gráficamente la recta.",,"Escribe la ecuación canónica x/a + y/b = 1. Como P(1,2) pertenece a la recta, sustituye x=1, y=2: 1/a + 2/b = 1. El área del triángulo rectángulo con las intersecciones es A = |a·b|/2 = 4,5 ⇒ |a·b| = 9. Expresa el producto a·b.","a*b = 9, a*b = -9, ab = 9, ab = -9",Despeja b en término de a (b = 9/a o b = -9/a) y sustituye en 1/a + 2/b = 1. Para b = 9/a: 1/a + 2a/9 = 1 ⇒ 2a² - 9a + 9 = 0. Encuentra los valores del corte 'a'.,"a = 3, a = 3/2, a = 1.5, a = 3 y a = 1.5","Calcula los pares (a,b) correspondientes para cada 'a' obtenido (b = 9/a). Escribe los dos pares de intersecciones (a,b) posibles.","(3,3) y (1.5,6), (3,3) y (3/2,6), a=3 b=3, a=1.5 b=6","Escribe la ecuación canónica o pendiente-intersección de la recta principal (para a=3, b=3: x/3 + y/3 = 1 ⇒ y = -x + 3). ¿Cuáles son las intersecciones con los ejes X e Y?","(3,0) y (0,3), x=3 e y=3, x=3 e y=3 o x=1.5 e y=6"
1.3,2022-1,,https://lh3.googleusercontent.com/d/1kw3yjHfXuasGLv7YEZVNFEl7cgVeUu4L,"a) Como el valor absoluto de cualquier expresión nunca es negativo (|3x-1| ≥ 0), es imposible que sea estrictamente menor que 0. ¿Cuál es su conjunto solución?","∅, vacio, conjunto vacio, {}","b) El valor absoluto no puede ser menor que cero, pero sí igual a cero. Se resuelve 3x - 1 = 0 ⇒ 3x = 1 ⇒ x = 1/3. ¿Cuál es la única solución?","{1/3}, x = 1/3, 1/3","c) Por propiedad fundamental, el valor absoluto de cualquier número real es siempre mayor o igual a cero. Por lo tanto, la desigualdad se cumple para todo número real. ¿Cuál es su solución?","R, (-∞, +∞), todos los reales, Reales",d) Se aplica la propiedad |u| ≤ a ⇔ -a ≤ u ≤ a: -5 ≤ 3x - 1 ≤ 5. Sumando 1: -4 ≤ 3x ≤ 6. Dividiendo entre 3: -4/3 ≤ x ≤ 2. Expresa el intervalo solución.,"[-4/3, 2], [-4/3; 2], -4/3 <= x <= 2"
1.3,2022-1,"Determine el conjunto solución de las siguientes inecuaciones con valor absoluto: a) |3x-1| < 0, b) |3x-1| ≤ 0, c) |3x-1| ≥ 0, d) |3x-1| ≤ 5.",,,,,,,,,