Objetivo,Pregunta,Opcion1_Correcta,Opcion2_Incorrecta1,Opcion3_Incorrecta2
1.1,"¿Cuál de las siguientes condiciones es un axioma obligatorio para que d(x,y) sea una métrica?","d(x,y) \ge 0 para todo x,y","d(x,y) < 0 para x ≠ y","d(x,y) = 0 implica x ≠ y"
1.1,"En un espacio métrico, la propiedad $d(x,z) \le d(x,y) + d(y,z)$ se conoce como:",Desigualdad triangular,Desigualdad de Cauchy-Schwarz,Propiedad de simetría
1.1,"La propiedad $d(x,y) = d(y,x)$ en la definición de distancia representa:",La simetría de la métrica,La homogeneidad del espacio,La propiedad de separación
1.2,¿Cuál de los siguientes subconjuntos de $\mathbb{R}$ con la topología usual es conexo?,"El intervalo $[0, 1]$","La unión $(0,1) \cup (2,3)$",El conjunto de racionales $\mathbb{Q}$
1.2,"Si $f: X \to Y$ es continua y $A \subset X$ es un subconjunto conexo, entonces $f(A)$ es:",Conexo en $Y$,Compacto en $Y$,Abierto en $Y$
1.2,Los únicos subconjuntos conexos no vacíos de la recta real $\mathbb{R}$ son:,Los intervalos (incluyendo puntos),Los conjuntos finitos,Únicamente los abiertos
1.2,Todo espacio topológico conexo por caminos es siempre:,Conexo,Compacto,Completo
1.2,Una componente conexa de un espacio topológico $X$ es siempre un subconjunto:,Cerrado,Abierto,Compacto
1.2,"Si $\{A_i\}$ es una familia de conjuntos conexos con intersección no vacía ($\bigcap A_i \neq \emptyset$), su unión $\bigcup A_i$ es:",Conexa,Disconexa,Vacía
1.2,"Un espacio $X$ es disconexo si se puede escribir como la unión de dos conjuntos no vacíos, disjuntos y ambos:",Abiertos en $X$,Densos en $X$,Compactos en $X$
1.3,Un espacio topológico $X$ es compacto si:,Todo cubrimiento abierto admite un subcubrimiento finito,Es acotado y abierto,Toda sucesión es constante
1.3,"En $\mathbb{R}^n$ con la métrica euclidiana, un conjunto es compacto si y solo si es (Heine-Borel):",Cerrado y acotado,Abierto y acotado,Denso y conexo
1.3,"Si $f: X \to Y$ es continua y $X$ es compacto, entonces la imagen $f(X)$ es:",Compacta,Abierta,Infinita
1.3,El Teorema de Weierstrass garantiza que toda función real continua definida en un conjunto compacto:,Alcanza su valor máximo y mínimo,Es estrictamente creciente,Es lineal
1.3,El producto cartesiano (finito o infinito) de espacios compactos es compacto según el Teorema de:,Tychonoff,Bolzano-Weierstrass,Banach
1.3,Un subconjunto cerrado dentro de un espacio compacto es siempre:,Compacto,Abierto,Discreto
1.3,"En un espacio métrico, un conjunto es compacto si y solo si es:",Secuencialmente compacto,Unipuntual,Abierto y no acotado
2.1,Una sucesión $(x_n)$ en un espacio métrico es de Cauchy si para todo $\epsilon > 0$ existe $N$ tal que:,"$d(x_n, x_m) < \epsilon$ para todo $n,m \ge N$","$d(x_n, x_0) = 0$ para $n \ge N$","$d(x_n, x_{n+1}) = 1$ para $n \ge N$"
2.1,"Un espacio métrico $(X,d)$ se define como completo si:",Toda sucesión de Cauchy converge a un punto de $X$,Todos sus subconjuntos son abiertos,Su diámetro es finito
2.1,¿Cuál de los siguientes espacios métricos NO es completo con la métrica usual?,El conjunto de los racionales $\mathbb{Q}$,El conjunto de los reales $\mathbb{R}$,"El intervalo cerrado $[0,1]$"
2.1,El Teorema del Punto Fijo de Banach requiere que la función sea una contracción estricta en un espacio métrico:,Completo,Compacto únicamente,Indiscreto
2.1,Un subespacio de un espacio métrico completo es completo si y solo si es:,Cerrado,Abierto,Unipuntual
2.1,"En un espacio métrico completo, una sucesión decreciente de cerrados no vacíos cuyo diámetro tiende a 0 tiene intersección (Cantor):",Formada por un único punto,Vacía,Infinita y abierta
2.1,La completación de un espacio métrico es un espacio completo que contiene al original como subespacio:,Denso,Abierto,Discreto
2.2,"En un espacio métrico $(X,d)$, la bola abierta $B(x_0, r)$ es el conjunto de puntos $x$ tales que:","$d(x, x_0) < r$","$d(x, x_0) \le r$","$d(x, x_0) = r$"
2.2,La topología inducida por cualquier espacio métrico cumple con la propiedad de separación de Hausdorff:,$T_2$,$T_0$ únicamente,Ninguna
2.2,Un subconjunto $U$ en un espacio métrico es abierto si para cada $x \in U$:,"Existe $r > 0$ tal que $B(x,r) \subset U$","$B(x,r) \cap U = \emptyset$ para todo $r>0$",Es igual a su complemento
2.2,El interior de un subconjunto $A$ en un espacio métrico se define como:,El abierto más grande contenido en $A$,El cerrado más pequeño que contiene a $A$,La frontera de $A$
2.2,"La clausura o cierre de un conjunto $A$, denotada $\bar{A}$, es:",El cerrado más pequeño que contiene a $A$,El abierto más grande contenido en $A$,El complemento del exterior
2.2,El diámetro de un subconjunto no vacío $A$ en un espacio métrico se define como:,"$\sup\{d(x,y) : x,y \in A\}$","$\inf\{d(x,y) : x,y \in A\}$",La suma de todas las distancias
2.2,Dos métricas en un mismo conjunto $X$ son topológicamente equivalentes si:,Inducen exactamente los mismos abiertos,Dan los mismos valores numéricos para todo par,Ambas son acotadas
2.3,Una norma en un espacio vectorial $V$ debe cumplir para todo escalar $c$ y vector $v$ que $\Vert{}c v\Vert{} =$,$\Vert{}c\Vert{} \cdot \Vert{}v\Vert{}$,$c \cdot \Vert{}v\Vert{}$,$c^2 \cdot \Vert{}v\Vert{}$
2.3,"La métrica $d(x,y)$ naturalmente inducida por una norma $\Vert{}\cdot\Vert{}$ viene dada por:",$\Vert{}x - y\Vert{}$,$\Vert{}x\Vert{} + \Vert{}y\Vert{}$,$\Vert{}x \cdot y\Vert{}$
2.3,Un espacio vectorial normado que es completo respecto a la métrica de su norma se llama:,Espacio de Banach,Espacio de Hilbert,Espacio de Hausdorff
2.3,"En todo espacio normado, la norma satisface la desigualdad:",$\Vert{}x + y\Vert{} \le \Vert{}x\Vert{} + \Vert{}y\Vert{}$,$\Vert{}x + y\Vert{} \ge \Vert{}x\Vert{} + \Vert{}y\Vert{}$,$\Vert{}x + y\Vert{} = \Vert{}x\Vert{} \cdot \Vert{}y\Vert{}$
2.3,Un espacio de Banach cuya norma proviene de un producto interno es un:,Espacio de Hilbert,Espacio métrico discreto,Espacio topológico trivial
2.3,"En todo espacio normado, la función norma $\Vert{}\cdot\Vert{}: V \to \mathbb{R}$ es una función:",Continua,Discontinua,Inyectiva únicamente
3.1,"Una colección $\mathcal{T}$ de subconjuntos de $X$ es una topología si contiene a $\emptyset$ y $X$, y es cerrada bajo:",Uniones arbitrarias e intersecciones finitas,Intersecciones arbitrarias y uniones finitas,Solo uniones finitas
3.1,En la topología discreta sobre un conjunto $X$:,Todos los subconjuntos son abiertos y cerrados,Los únicos abiertos son $\emptyset$ y $X$,Solo los conjuntos finitos son abiertos
3.1,"En la topología indiscreta (trivial) sobre $X$, los únicos conjuntos abiertos son:",Únicamente $\emptyset$ y $X$,Todos los subconjuntos unipuntuales,Los subconjuntos infinitos
3.1,Una función $f: X \to Y$ entre espacios topológicos es continua si:,La preimagen de cualquier abierto en $Y$ es un abierto en $X$,La imagen de cualquier abierto en $X$ es un abierto en $Y$,Preserva las distancias numéricas
3.1,Un homeomorfismo entre dos espacios topológicos es una biyección $f$ tal que:,$f$ y su inversa $f^{-1}$ son continuas,$f$ es una isometría exacta,$f$ es lineal
3.1,Una colección de abiertos $\mathcal{B}$ es una base para la topología $\mathcal{T}$ si todo abierto de $\mathcal{T}$ es:,Unión de elementos de $\mathcal{B}$,Intersección finita de elementos de $\mathcal{B}$,Complemento de elementos de $\mathcal{B}$
3.1,Un espacio topológico es de Hausdorff ($T_2$) si para cualquier par de puntos distintos $x \neq y$:,"Existen abiertos disjuntos $U,V$ con $x \in U$ y $y \in V$",Existe un abierto que contiene a ambos,Todos los unipuntuales son abiertos
3.1,La frontera de un subconjunto $A$ en un espacio topológico se define como:,La diferencia $\bar{A} \setminus \text{Int}(A)$,La unión $\bar{A} \cup \text{Int}(A)$,El complemento de la clausura
